original_N°;original_NOM;original_Tutelle;original_Nombre ETB actif;original_Adresse Siège Social ;original_Code Postal;original_Département;original_Echelon région;lat;lon;formatted;name;housenumber;street;postcode;district;suburb;city;county;state;state_code;country;country_code;confidence;confidence_city_level;confidence_street_level
1;Académie des Sciences d'Outre Mer;;1;15 RUE LA PEROUSE 75016 PARIS;75016;75;Ile-de-France;48.869647;2.293127;15 Rue La Pérouse, 75016 Paris, France;;15;Rue La Pérouse;75016;Paris;Chaillot;Paris;Paris;Île-De-France;IDF;France;fr;0.25004699999999996;1;0.25004699999999996
2;Académie des Technologies;MESR;1;LE PONANT 19 RUE LEBLANC 75015 PARIS;75015;75;Ile-de-France;48.839849;2.273505;19 Rue Leblanc, 75015 Paris, France;;19;Rue Leblanc;75015;Paris;Javel;Paris;Paris;Île-De-France;IDF;France;fr;0.2857142857142857;1;0.2857142857142857
3;Agence Bibliographique de l'Enseignement Supérieur;;1;227 AVENUE PROFESSEUR JEAN-LOUIS VIALA 34080 MONTPELLIER;34030;34;Occitanie;43.636476;3.828888;227 Avenue Professeur Jean-Louis Viala, 34080 Montpellier, France;;227;Avenue Professeur Jean-Louis Viala;34080;Montpellier;;Montpellier;Hérault;Occitanie;OCC;France;fr;0.1875;0.3;0.1875
4;Agence Française de Lutte contre le Dopage;;1;8 RUE AUBER 75009 PARIS;75009;75;Ile-de-France;48.8724724;2.3295913;8 Rue Auber, 75009 Paris, France;;8;Rue Auber;75009;Paris;Paris 9e Arrondissement;Paris;;Île-de-France;IDF;France;fr;0.4;1;0.4
5;Agence Nationale pour la Recherche;MESR;1;IMMEUBLE KADENCE 86 RUE REGNAULT 75013 PARIS;75013;75;Ile-de-France;48.823487;2.37123;86 Rue Regnault, 75013 Paris, France;;86;Rue Regnault;75013;Paris;Gare;Paris;Paris;Île-De-France;IDF;France;fr;0.2857142857142857;1;0.2857142857142857
6;Bibliothèque Nationale Universitaire de Strasbourg;;1;5 RUE DU MARECHAL JOFFRE 67000 STRASBOURG;67000;67;Grand Est;48.587419;7.756384;5 Rue Du Maréchal Joffre, 67000 Strasbourg, France;;5;Rue Du Maréchal Joffre;67000;Strasbourg;;Strasbourg;Bas-Rhin;Grand Est;GES;France;fr;0.35720999999999997;1;0.35720999999999997
7;Campus Condorcet;;1;8 COURS DES HUMANITES 93300 AUBERVILLIERS;93300;93;Ile-de-France;48.912754;2.367027;16 Cours Des Humanités, 93300 Aubervilliers, France;;16;Cours Des Humanités;93300;Aubervilliers;;Aubervilliers;Seine-Saint-Denis;Île-De-France;IDF;France;fr;0.35720999999999997;1;0.35720999999999997
8;Casa de Velasquez / CASA DE VELAZQUEZ DE MADRID;;1;CIUDAD UNIVERSITARIA 3 C/DE PAUL GUINARD MADRID ESPAGNE;ESPAGNE;ES;ETRANGER;;;;;;;;;;;;;;;;;;
9;Centrale Lille;;4;CITE SCIENTIFIQUE 59491 VILLENEUVE D'ASCQ;59491;59;Hauts-de-France;50.6097726;3.141702661271205;Cité scientifique - Lilliad, Avenue Mendeleiev, 59491 Villeneuve-d'Ascq, France;Cité scientifique - Lilliad;;Avenue Mendeleiev;59491;;Cité Scientifique;Villeneuve-d'Ascq;Nord;Hauts-de-France;HDF;France;fr;0.21212121212121213;1;0.21212121212121213
10;Centrale SUPELEC/CentraleSupélec;MESR;4;PLATEAU DE MOULON 3 RUE JOLIOT-CURIE 91190 GIF-SUR-YVETTE;91190;91;Ile-de-France;48.709796;2.162981;1 Rue Joliot-curie, 91190 Gif-sur-Yvette, France;;1;Rue Joliot-curie;91190;Gif-sur-Yvette;;Gif-sur-Yvette;Essonne;Île-De-France;IDF;France;fr;0.2727272727272727;1;0.2727272727272727
11;Centre informatique nationale de l'enseignement supérieur - Montpellier;;1;950 RUE SAINT-PRIEST 34090 MONTPELLIER;34090;34;Occitanie;43.635268;3.840314;950 Rue Saint-Priest, 34090 Montpellier, France;;950;Rue Saint-Priest;34090;Montpellier;;Montpellier;Hérault;Occitanie;OCC;France;fr;0.5;1;0.5
12;Centre National de recherche scientifique;;927;CNRS MOY1601 PRESIDENCE, 3 RUE MICHEL-ANGE 75016 PARIS;75016;75;Ile-de-France;48.847761;2.263792;2 Rue Michel-Ange, 75016 Paris, France;;2;Rue Michel-Ange;75016;Paris;d'Auteuil;Paris;Paris;Île-De-France;IDF;France;fr;0.33333333333333337;1;0.33333333333333337
13;Centre National d'enseignement à Distance;MENJ;10;CNED-DIRECTION GENERALE, TELEPORT 2 2 BOULEVARD NICEPHORE NIEPCE 86360 CHASSENEUIL-DU-POITOU;86360;86;Nouvelle Aquitaine;46.66253495;0.3611915977358145;CNED - Direction Générale, Boulevard Nicéphore Niepce, 86360 Chasseneuil-du-Poitou, France;CNED - Direction Générale;;Boulevard Nicéphore Niepce;86360;;Technopole du Futuroscope;Chasseneuil-du-Poitou;Vienne;Nouvelle-Aquitaine;NAQ;France;fr;0.028715168859527424;1;0.028715168859527424
14;Centre National des Œuvres universitaires et Scolaires;MESR;1;60 BOULEVARD DU LYCEE 92170 VANVES;92170;92;Ile-de-France;48.825573;2.281113;60 Boulevard Du Lycée, 92170 Vanves, France;;60;Boulevard Du Lycée;92170;Vanves;;Vanves;Hauts-de-Seine;Île-De-France;IDF;France;fr;0.25004699999999996;1;0.25004699999999996
15;Centre technique du Livre de l'Enseignement Supérieur;;1;CTLES, 14 AVENUE GUTENBERG 77600 BUSSY-SAINT-GEORGES;77600;77;Ile-de-France;48.83229;2.737942;14 Avenue Gutenberg, 77600 Bussy-Saint-Georges, France;;14;Avenue Gutenberg;77600;Bussy-Saint-Georges;;Bussy-Saint-Georges;Seine-et-Marne;Île-De-France;IDF;France;fr;0.25;1;0.25
16;Collège de France;;3;11 PLACE MARCELIN BERTHELOT 75005 PARIS;75005;75;Ile-de-France;48.8491255;2.3454288;11 Place Marcelin Berthelot, 75005 Paris, France;;11;Place Marcelin Berthelot;75005;Paris;Paris 5e Arrondissement;Paris;;Île-de-France;IDF;France;fr;0.5;1;0.5
17;ComUE Normandie Université;;2;ESPLANADE DE LA PAIX 14000 CAEN;14000;14;Normandie;49.1887642;-0.3634297;Esplanade de la Paix, 14000 Caen, France;Esplanade de la Paix;;Esplanade de la Paix;14000;Saint-Julien;;Caen;Calvados;Normandie;NOR;France;fr;0.6666666666666667;1;0.6666666666666667
18;ComUE Université de Lyon;;1;90-92 90 RUE PASTEUR 69007 LYON;69007;69;Auvergne-Rhône-Alpes;45.748601;4.836732;90 Rue Pasteur, 69007 Lyon, France;;90;Rue Pasteur;69007;7e Arr.;;Lyon;Rhône;Auvergne-Rhône-Alpes;ARA;France;fr;0.2857142857142857;1;0.2857142857142857
19;Conservatoire National des Arts et Métiers;;66;292 RUE SAINT-MARTIN 75003 PARIS;75003;75;Ile-de-France;48.86678295;2.355416692533683;Conservatoire National des Arts et Métiers, 292 Rue Saint-Martin, 75003 Paris, France;Conservatoire National des Arts et Métiers;292;Rue Saint-Martin;75003;Paris;Paris 3e Arrondissement;Paris;;Île-de-France;IDF;France;fr;0.5;1;0.5
20;CREPS Aix-en-Provence;MSJOP;1;PONT DE L'ARC 62 CHEMIN DU VIADUC 13090 AIX-EN-PROVENCE;13090;13;Provence-Alpes-Côte d'Azur;43.509774;5.444229;62 Chemin Du Viaduc, 13090 Aix-en-Provence, France;;62;Chemin Du Viaduc;13090;Aix-en-Provence;;Aix-en-Provence;Bouches-du-Rhône;Provence-Alpes-Côte D'Azur;PAC;France;fr;0.2727272727272727;1;0.2727272727272727
21;CREPS Auvergne - Rhône Alpes - Vichy;MSJOP;1;2 ROUTE DE CHARMEIL 03700 BELLERIVE-SUR-ALLIER;3700;3;Centre Val-de-Loir;46.130645;3.402024;2 Route De Charmeil, 03700 Bellerive-sur-Allier, France;;2;Route De Charmeil;3700;Bellerive-sur-Allier;;Bellerive-sur-Allier;Allier;Auvergne-Rhône-Alpes;ARA;France;fr;0.375;1;0.375
22;CREPS Bordeaux/Talence;MSJOP;1;653 COURS DE LA LIBERATION 33400 TALENCE;33400;33;Nouvelle Aquitaine;44.798302;-0.6002486;653 Cours de la Libération, 33400 Talence, France;;653;Cours de la Libération;33400;;Thouars;Talence;Gironde;Nouvelle-Aquitaine;NAQ;France;fr;0.25004699999999996;1;0.25004699999999996
23;CREPS Centre Val de loire;MSJOP;1;48 AVENUE DU MARECHAL JUIN 18000 BOURGES;18000;18;Centre Val-de-Loir;47.107742;2.421128;48 Avenue Du Marechal Juin, 18000 Bourges, France;;48;Avenue Du Marechal Juin;18000;Bourges;;Bourges;Cher;Centre-Val de Loire;CVL;France;fr;0.5714285714285714;1;0.5714285714285714
24;CREPS Guadeloupe;MSJOP;2;ROUTE DES ABYMES 97139 LES ABYMES;97139;97;Guadeloupe;16.255614;-61.520855;376 Route Des Abymes, 97139 GP, France;;376;Route Des Abymes;97139;;;;;Guadeloupe;GP;France;fr;0.6666666666666667;1;0.6666666666666667
25;CREPS Ile de France;MSJOP;1;1 RUE DU DOCTEUR LE SAVOUREUX 92290 CHATENAY-MALABRY;92290;92;Ile-de-France;48.767894;2.272178;73 Rue Du Docteur Le Savoureux, 92290 Châtenay-Malabry, France;;73;Rue Du Docteur Le Savoureux;92290;Châtenay-Malabry;;Châtenay-Malabry;Hauts-de-Seine;Île-De-France;IDF;France;fr;0.5555555555555556;1;0.5555555555555556
26;CREPS La Réunion;MSJOP;3;ROUTE PHILIBERT TSIRANANA 97490 SAINT-DENIS;97490;97;La Réunion;-20.891945;55.469531;42 Route Philibert Tsiranana, 97490 RE, France;;42;Route Philibert Tsiranana;97490;;;;;La Réunion;RE;France;fr;0.5;1;0.5
27;CREPS Montpellier Font Romeu;MSJOP;2;2 AVENUE CHARLES FLAHAULT 34090 MONTPELLIER;34090;34;Occitanie;43.619039;3.866023;2 Avenue Charles Flahault, 34090 Montpellier, France;;2;Avenue Charles Flahault;34090;Montpellier;;Montpellier;Hérault;Occitanie;OCC;France;fr;0.5;1;0.5
28;CREPS Nancy;MSJOP;1;1 AVENUE FOCH 54270 ESSEY-LES-NANCY;54270;54;Grand Est;48.7029996;6.2160884;1 Avenue Foch, 54270 Essey-lès-Nancy, France;;1;Avenue Foch;54270;;;Essey-lès-Nancy;Meurthe-et-Moselle;Grand Est;GES;France;fr;0.2857142857142857;1;0.2857142857142857
29;CREPS Pays de Loire;MSJOP;1;5 AVENUE DE LA BABINIERE 44240 LA CHAPELLE-SUR-ERDRE;44340;44;Pays-de-la-Loire;47.171835;-1.618346;5 Rue De La Gagnerie, 44340 Bouguenais, France;;5;Rue De La Gagnerie;44340;Bouguenais;;Bouguenais;Loire-Atlantique;Pays de la Loire;PDL;France;fr;0.22727272727272727;1;0.22727272727272727
30;CREPS Poitiers;MSJOP;1;CHATEAU DE BOIVRE 86580 VOUNEUIL-SOUS-BIARD;86580;86;Nouvelle Aquitaine;46.58551888;0.282858145;86580 NAQ, France;;;;86580;;;;Vienne;Nouvelle-Aquitaine;NAQ;France;fr;0;1;
31;CREPS Reims;MSJOP;1;ROUTE DE BEZANNES 51100 REIMS;51100;51;Grand Est;49.231188;3.9972305;Route de Bezannes, 51100 Reims, France;Route de Bezannes;;Route de Bezannes;51100;;Croix-Rouge;Reims;Marne;Grand Est;GES;France;fr;0.6;1;0.6
32;CREPS Strasbourg;MSJOP;2;4 ALLEE DU SOMMERHOF 67200 STRASBOURG;67200;67;Grand Est;48.575349;7.712307;2 Allée Du Sommerhof, 67200 Strasbourg, France;;2;Allée Du Sommerhof;67200;Strasbourg;;Strasbourg;Bas-Rhin;Grand Est;GES;France;fr;0.35720999999999997;1;0.35720999999999997
33;CREPS Toulouse;MSJOP;2;1 AVENUE EDOUARD BELIN 31400 TOULOUSE;31400;31;Occitanie;43.570037;1.474091;1 Avenue Edouard Belin, 31400 Toulouse, France;;1;Avenue Edouard Belin;31400;Toulouse;;Toulouse;Haute-Garonne;Occitanie;OCC;France;fr;0.5;1;0.5
34;CROUS Aix Marseille-Avignon;MESR;81;31 AVENUE JULES FERRY 13100 AIX-EN-PROVENCE;13100;13;Provence-Alpes-Côte d'Azur;43.518849;5.449848;31 Avenue Jules Ferry, 13100 Aix-en-Provence, France;;31;Avenue Jules Ferry;13100;Aix-en-Provence;;Aix-en-Provence;Bouches-du-Rhône;Provence-Alpes-Côte D'Azur;PAC;France;fr;0.375;1;0.375
35;CROUS Amiens;MESR;41;25 RUE SAINT-LEU 80000 AMIENS;80000;80;Hauts-de-France;49.8987326;2.3005574;25 Rue Saint-Leu, 80000 Amiens, France;;25;Rue Saint-Leu;80000;Saveuse;;Amiens;Somme;Hauts-de-France;HDF;France;fr;0.5;1;0.5
36;CROUS Antilles-Guyane;MESR;16;GESTION SERVICES CENTRAUX, FOUILLOLE 97110 POINTE A PITRE;97110;97;Guyane;;;;;;;;;;;;;;;;;;
37;CROUS Bordeaux;MESR;84;18 RUE DU HAMEL 33800 BORDEAUX;33800;33;Nouvelle Aquitaine;44.8315947;-0.5649853;Crous de Bordeaux-Aquitaine, 18 Rue du Hamel, 33800 Bordeaux, France;Crous de Bordeaux-Aquitaine;18;Rue du Hamel;33800;;Saint-Michel;Bordeaux;Gironde;Nouvelle-Aquitaine;NAQ;France;fr;0.5;1;0.5
38;CROUS Bourgogne Franche Comté;MESR;48;32 AVENUE DE L'OBSERVATOIRE 25000 BESANCON;25000;25;Bourgogne-Franche Comté;47.24775;5.990266;32 Avenue de l'Observatoire, 25000 Besançon, France;;32;Avenue de l'Observatoire;25000;;Bouloie;Besançon;Doubs;Bourgogne-Franche-Comté;BFC;France;fr;0.5;1;0.5
39;CROUS Clermont Auvergne;MESR;19;25 RUE ETIENNE DOLET 63000 CLERMONT-FERRAND;63000;63;Auvergne-Rhône-Alpes;45.7649178;3.0866464;25 Rue Étienne Dolet, 63000 Clermont-Ferrand, France;;25;Rue Étienne Dolet;63000;;Saint-Jacques;Clermont-Ferrand;Puy-de-Dôme;Auvergne-Rhône-Alpes;ARA;France;fr;0.2250423;1;0.2250423
40;CROUS Créteil;MESR;57;70 AVENUE DU GENERAL DE GAULLE 94000 CRETEIL;94000;94;Ile-de-France;48.79446;2.447774;70 Avenue Du Général De Gaulle, 94000 Créteil, France;;70;Avenue Du Général De Gaulle;94000;Créteil;;Créteil;Val-de-Marne;Île-De-France;IDF;France;fr;0.25004699999999996;1;0.25004699999999996
41;CROUS de Corse - Corte;MESR;4;22 AVENUE JEAN NICOLI 20250 CORTE;20250;20;Corse;42.3062044;9.1559785;Avenue Jean Nicoli, 20250 Corte, France;Avenue Jean Nicoli;;Avenue Jean Nicoli;20250;Porette;;Corte;Haute-Corse;Corse;COR;France;fr;0.5;1;0.5
42;CROUS Grenoble;MESR;59;80 ALL AMPERE 38400 SAINT MARTIN D'HERES;38400;38;Auvergne-Rhône-Alpes;45.1932004;5.7644734;Service Accueil Handicap, 80 Allée Ampère, 38400 Saint-Martin-d'Hères, France;Service Accueil Handicap;80;Allée Ampère;38400;;Domaine universitaire de Grenoble;Saint-Martin-d'Hères;Isère;Auvergne-Rhône-Alpes;ARA;France;fr;0.14177664899999998;1;0.14177664899999998
43;CROUS La Réunion et Mayotte - Ste Clotilde;MESR;2;SERVICE TRAITEMENT 20 AVENUE HIPPOLYTE FOUCQUE 97490 SAINT-DENIS;97490;97;Mayotte;-20.89914;55.486488;20 Avenue Hippolyte Foucque, 97490 RE, France;;20;Avenue Hippolyte Foucque;97490;;;;;La Réunion;RE;France;fr;0.33333333333333337;1;0.33333333333333337
44;CROUS Lille;MESR;75;CROUS, CITE MARIANNE 2 BOULEVARD DE STRASBOURG 59000 LILLE;59000;59;Hauts-de-France;50.618694;3.053221;35 Boulevard De Strasbourg, 59000 Lille, France;;35;Boulevard De Strasbourg;59000;Lille;;Lille;Nord;Hauts-de-France;HDF;France;fr;0.33333333333333337;1;0.33333333333333337
45;CROUS Limoges;MESR;15;39 G RUE CAMILLE GUERIN 87000 LIMOGES;87000;87;Nouvelle Aquitaine;45.817538;1.232069;39h Rue Camille Guérin, 87000 Limoges, France;;39h;Rue Camille Guérin;87000;Limoges;;Limoges;Haute-Vienne;Nouvelle-Aquitaine;NAQ;France;fr;0.2250423;1;0.2250423
46;CROUS Lorraine - Nancy;MESR;41;75 RUE DE LAXOU 54000 NANCY;54000;54;Grand Est;48.684516;6.158527;75 Rue De Laxou, 54000 Laxou, France;;75;Rue De Laxou;54000;Laxou;;Laxou;Meurthe-et-Moselle;Grand Est;GES;France;fr;0.5;1;0.5
47;CROUS Lyon-St Etienne;MESR;95;59 RUE DE LA MADELEINE 69007 LYON;69007;69;Auvergne-Rhône-Alpes;45.7457245;4.8484709;59 Rue de la Madeleine, 69007 Lyon, France;;59;Rue de la Madeleine;69007;;Jean-Macé;Lyon;Métropole de Lyon;Auvergne-Rhône-Alpes;ARA;France;fr;0.5714285714285714;1;0.5714285714285714
48;CROUS Montpellier Occitanie;MESR;88;2 RUE MONTEIL 34090 MONTPELLIER;34090;34;Occitanie;43.623032;3.869339;17 Rue Monteil, 34090 Montpellier, France;;17;Rue Monteil;34090;Montpellier;;Montpellier;Hérault;Occitanie;OCC;France;fr;0.4;1;0.4
49;CROUS Nantes Pays de Loire;MESR;92;2 BOULEVARD GUY MOLLET 44300 NANTES;44300;44;Pays-de-la-Loire;47.251845;-1.55377;33 Boulevard Guy Mollet, 44300 Nantes, France;;33;Boulevard Guy Mollet;44300;Nantes;;Nantes;Loire-Atlantique;Pays de la Loire;PDL;France;fr;0.5;1;0.5
50;CROUS Nice Toulon;MESR;34;26 ROUTE DE TURIN 06300 NICE;6300;6;Provence-Alpes-Côte d'Azur;43.710963;7.284964;26 Route De Turin, 06300 Nice, France;;26;Route De Turin;6300;Nice;;Nice;Alpes-Maritimes;Provence-Alpes-Côte D'Azur;PAC;France;fr;0.5;1;0.5
51;CROUS Normandie - Rouen;MESR;60;135 BOULEVARD DE L'EUROPE 76100 ROUEN;76100;76;Normandie;49.430218;1.0786216;Centre régional des œuvres universitaires et scolaires Rouen Normandie, 135 Boulevard de l'Europe, 76100 Rouen, France;Centre régional des œuvres universitaires et scolaires Rouen Normandie;135;Boulevard de l'Europe;76100;Saint-Clément;Quartier Saint-Clément / Jardin des Plantes;Rouen;Seine-Maritime;Normandie;NOR;France;fr;0.5;1;0.5
52;CROUS Orléans Tours;MESR;54;17 AVENUE DAUPHINE 45100 ORLEANS;45100;45;Centre Val-de-Loir;47.8935965;1.9052976;CROUS d'Orléans-Tours, 17 Avenue Dauphine, 45100 Orléans, France;CROUS d'Orléans-Tours;17;Avenue Dauphine;45100;;;Orléans;Loiret;Centre-Val de Loire;CVL;France;fr;0.4;1;0.4
53;CROUS Paris;MESR;158;39 AVENUE GEORGES BERNANOS 75005 PARIS;75005;75;Ile-de-France;48.8400649;2.3373976;39 Avenue Georges Bernanos, 75005 Paris, France;;39;Avenue Georges Bernanos;75005;Paris;Paris 5e Arrondissement;Paris;;Île-de-France;IDF;France;fr;0.5;1;0.5
54;CROUS Poitiers;MESR;54;15 RUE GUILLAUME 7 LE TROUBADOUR 86000 POITIERS;86000;86;Nouvelle Aquitaine;46.5879246;0.3457651;Rue Guillaume 7 le Troubadour, 86000 Poitiers, France;Rue Guillaume 7 le Troubadour;;Rue Guillaume 7 le Troubadour;86000;Notre-Dame;;Poitiers;Vienne;Nouvelle-Aquitaine;NAQ;France;fr;0.625;1;0.625
55;CROUS Reims;MESR;19;14 B ALLEE DES LANDAIS 51100 REIMS;51100;51;Grand Est;49.2301905;4.0113272;Allée des Landais, 51100 Reims, France;Allée des Landais;;Allée des Landais;51100;Cézanne;Croix-Rouge;Reims;Marne;Grand Est;GES;France;fr;0.2857142857142857;1;0.2857142857142857
56;CROUS Rennes;MESR;69;7 PLACE HOCHE 35000 RENNES;35000;35;Bretagne;48.115081;-1.67786;1 Place Hoche, 35000 Rennes, France;;1;Place Hoche;35000;Rennes;;Rennes;Ille-et-Vilaine;Bretagne;BRE;France;fr;0.4;1;0.4
57;CROUS Strasbourg;MESR;29;1 QUAI DU MAIRE DIETRICH 67000 STRASBOURG;67000;67;Grand Est;48.584437;7.759346;1 Quai Du Maire Dietrich, 67000 Strasbourg, France;;1;Quai Du Maire Dietrich;67000;Strasbourg;;Strasbourg;Bas-Rhin;Grand Est;GES;France;fr;0.5714285714285714;1;0.5714285714285714
58;CROUS Toulouse Occitanie;MESR;53;58 RUE DU TAUR 31000 TOULOUSE;31000;31;Occitanie;43.6074056;1.4421652;58 Rue du Taur, 31000 Toulouse, France;;58;Rue du Taur;31000;Place Occitane;Toulouse Centre;Toulouse;Haute-Garonne;Occitanie;OCC;France;fr;0.5;1;0.5
59;CROUS Versailles;MESR;86;145 B BOULEVARD DE LA REINE 78000 VERSAILLES;78000;78;Ile-de-France;48.8095057;2.1278708;Boulevard de la Reine, 78000 Versailles, France;Boulevard de la Reine;;Boulevard de la Reine;78000;;Notre-Dame;Versailles;Yvelines;Île-de-France;IDF;France;fr;0.5;1;0.5
60;Ecole Centrale Lyon;MESR;2;36 AVENUE GUY DE COLLONGUE 69130 ECULLY;69130;69;Auvergne-Rhône-Alpes;45.7826438;4.7663904;36 Avenue Guy de Collongue, 69130 Écully, France;;36;Avenue Guy de Collongue;69130;;;Écully;Métropole de Lyon;Auvergne-Rhône-Alpes;ARA;France;fr;0.5714285714285714;1;0.5714285714285714
61;Ecole centrale Marseille;MESR;1;TECHNOPOLE CHATEAU GOMBERT 38 RUE FREDERIC JOLIOT-CURIE 13013 MARSEILLE;13013;13;Provence-Alpes-Côte d'Azur;43.342212;5.436268;43 Rue Frederic Joliot-curie, 13013 Marseille, France;;43;Rue Frederic Joliot-curie;13013;13e Arr.;;Marseille;Bouches-du-Rhône;Provence-Alpes-Côte D'Azur;PAC;France;fr;0.4;1;0.4
62;Ecole Centrale Nantes;MESR;1;1 RUE DE LA NOE 44300 NANTES;44300;44;Pays-de-la-Loire;47.24804;-1.550293;1 Rue De La Noë, 44300 Nantes, France;;1;Rue De La Noë;44300;Nantes;;Nantes;Loire-Atlantique;Pays de la Loire;PDL;France;fr;0.35720999999999997;1;0.35720999999999997
63;Ecole d'Economie et de Sciences Sociales Quantitatives de Toulouse - TSE Toulouse;MESR;1;1 ESPLANADE DE L'UNIVERSITE 31000 TOULOUSE;31000;31;Occitanie;43.60445;1.434931;1 Esplanade De l'Université, 31000 Toulouse, France;;1;Esplanade De l'Université;31000;Toulouse;;Toulouse;Haute-Garonne;Occitanie;OCC;France;fr;0.35720999999999997;1;0.35720999999999997
64;Ecole des Hautes Etudes en Sciences Sociales - Paris;MESR;2;54 BOULEVARD RASPAIL 75006 PARIS;75006;75;Ile-de-France;48.8501738;2.3269799;54 Boulevard Raspail, 75006 Paris, France;;54;Boulevard Raspail;75006;Paris;Paris 6e Arrondissement;Paris;;Île-de-France;IDF;France;fr;0.4;1;0.4
65;Ecole Française d'Athènes;MESR;1;6 RUE DIDOTOU ATHENES GRECE;GRECE;GR;ETRANGER;47.506714;0.257534;6 Rue Grand Rue, 37330 St.-Laurent-de-Lin, France;;6;Rue Grand Rue;37330;Saint-Laurent-de-Lin;;St.-Laurent-de-Lin;Indre-et-Loire;Centre-Val de Loire;CVL;France;fr;0;;
66;Ecole Française de Rome;MESR;2;62 RUE PIAZZA NAVONA ROME ITALIE;IT;IT;ETRANGER;43.275167;3.279829;11 Rue Pascal Piazza, 34410 Sérignan, France;;11;Rue Pascal Piazza;34410;Sérignan;;Sérignan;Hérault;Occitanie;OCC;France;fr;0;;
67;Ecole française d'Extrême Orient;MESR;2;22 AVENUE DU PRESIDENT WILSON 75016 PARIS;75016;75;Ile-de-France;48.8632243;2.2885594;Avenue du Président Wilson, 75016 Paris, France;Avenue du Président Wilson;;Avenue du Président Wilson;75016;Paris;Paris 16e Arrondissement;Paris;;Île-de-France;IDF;France;fr;0.25004699999999996;1;0.25004699999999996
68;Ecole Nationale Supérieure d'Arts et Métiers;MESR;10;151 BOULEVARD DE L'HOPITAL 75013 PARIS;75013;75;Ile-de-France;48.8337779;2.3575561;151 Boulevard de l'Hôpital, 75013 Paris, France;;151;Boulevard de l'Hôpital;75013;Paris;Paris 13e Arrondissement;Paris;;Île-de-France;IDF;France;fr;0.25004699999999996;1;0.25004699999999996
69;Ecole Pratique des Hautes Etudes - PSL;MESR;7;4-14 4 RUE FERRUS 75014 PARIS;75014;75;Ile-de-France;48.8310084;2.3406731;Rue Ferrus, 75014 Paris, France;Rue Ferrus;;Rue Ferrus;75014;Paris;Quartier du Parc-de-Montsouris;Paris;;Île-de-France;IDF;France;fr;0.2857142857142857;1;0.2857142857142857
70;EN des Chartes - PSL;MESR;2;65 RUE DE RICHELIEU 75002 PARIS;75002;75;Ile-de-France;48.8705426;2.3393606;Rue de Richelieu, 75002 Paris, France;Rue de Richelieu;;Rue de Richelieu;75002;Paris;Paris 2e Arrondissement;Paris;;Île-de-France;IDF;France;fr;0.5;1;0.5
71;EN des Sports de Montagne - Chamonix;MSJOP;2;35 ROUTE DU BOUCHET 74400 CHAMONIX-MONT-BLANC;74400;74;Auvergne-Rhône-Alpes;45.925557999999995;6.873089076659762;École Nationale de Ski et d'Alpinisme (ENSA), 35 Route du Bouchet, 74400 Chamonix-Mont-Blanc, France;École Nationale de Ski et d'Alpinisme (ENSA);35;Route du Bouchet;74400;;;Chamonix-Mont-Blanc;Haute-Savoie;Auvergne-Rhône-Alpes;ARA;France;fr;0.375;1;0.375
72;EN des Sports de Voile et des Sports Nautiques - St Pierre Quiberon;MSJOP;1;LE BEG ROHU 56510 SAINT-PIERRE-QUIBERON;56510;56;Bretagne;47.507711;-3.121001;16 Le Petit Rohu, 56510 Saint-Pierre-Quiberon, France;;16;Le Petit Rohu;56510;Saint-Pierre-Quiberon;;Saint-Pierre-Quiberon;Morbihan;Bretagne;BRE;France;fr;0.13636363636363635;1;0.13636363636363635
73;EN d'Ingénieurs de Brest;MESR;1;TECHNOPOLE BREST IROISE LA POINTE DU DIABLE 29280 PLOUZANE;29280;29;Bretagne;48.360282;-4.567182;Technopôle Pointe du Diable, 29280 Plouzané, France;;;Technopôle Pointe du Diable;29280;Plouzané;;Plouzané;Finistère;Bretagne;BRE;France;fr;0;;
74;ENS - membre de l'Université Paris Sciences et Lettres;MESR;4;45 RUE D'ULM 75005 PARIS;75005;75;Ile-de-France;48.8418371;2.3440403;45 Rue d'Ulm, 75005 Paris, France;;45;Rue d'Ulm;75005;Paris;Paris 5e Arrondissement;Paris;;Île-de-France;IDF;France;fr;0.4;1;0.4
75;ENS de chimie de Montpellier;MESR;1;240 AVENUE DU PROFESSEUR EMILE JEANBRAU 34090 MONTPELLIER;34090;34;Occitanie;43.634507;3.86567;240 Avenue Du Professeur Emile Jeanbrau, 34090 Montpellier, France;;240;Avenue Du Professeur Emile Jeanbrau;34090;Montpellier;;Montpellier;Hérault;Occitanie;OCC;France;fr;0.625;1;0.625
76;ENS de Chimie de Paris;MESR;1;11 RUE PIERRE ET MARIE CURIE 75005 PARIS;75005;75;Ile-de-France;48.8445045;2.3440203;11/13 Rue Pierre et Marie Curie, 75005 Paris, France;;nov-13;Rue Pierre et Marie Curie;75005;Paris;Paris 5e Arrondissement;Paris;;Île-de-France;IDF;France;fr;0.625;1;0.625
77;ENS de chimie de Rennes;MESR;1;11 ALL DE BEAULIEU 35000 RENNES;35000;35;Bretagne;48.116948;-1.633802;3 Allée De Beaulieu, 35000 Rennes, France;;3;Allée De Beaulieu;35000;Rennes;;Rennes;Ille-et-Vilaine;Bretagne;BRE;France;fr;0.4;1;0.4
78;ENS de l'Electronique et de ses Applications - Cergy;MESR;1;6 AVENUE DU PONCEAU 95000 CERGY;95000;95;Ile-de-France;49.039506349999996;2.072491058251916;École Nationale Supérieure de l'Électronique et de ses Applications, 6 Avenue du Ponceau, 95000 Cergy, France;École Nationale Supérieure de l'Électronique et de ses Applications;6;Avenue du Ponceau;95000;Les Chênes d'Or;Grand Centre;Cergy;Val-d'Oise;Île-de-France;IDF;France;fr;0.5;1;0.5
79;ENS de Mécanique et d'Aéronautique - Poitiers;MESR;;;;;Nouvelle Aquitaine;;;;;;;;;;;;;;;;;;
80;ENS de Mécanique et des Microtechniques - Besançon;MESR;1;26 RUE DE L'EPITAPHE 25000 BESANCON;25000;25;Bourgogne-Franche Comté;47.250532;5.992414;26 Rue De L'epitaphe, 25000 Besançon, France;;26;Rue De L'epitaphe;25000;Besançon;;Besançon;Doubs;Bourgogne-Franche-Comté;BFC;France;fr;0.5;1;0.5
81;ENS des Arts et Industries Textiles - Roubaix;MESR;1;2 ALLEE LOUISE ET VICTOR CHAMPIER 59100 ROUBAIX;59100;59;Hauts-de-France;50.69416;3.16798;2 Allee Louise Et Victor Champier, 59100 Roubaix, France;;2;Allee Louise Et Victor Champier;59100;Roubaix;;Roubaix;Nord;Hauts-de-France;HDF;France;fr;0.625;1;0.625
82;ENS des Arts et Techniques du Théâtre - Lyon;MESR;1;4 RUE SOEUR BOUVIER 69005 LYON;69005;69;Auvergne-Rhône-Alpes;45.753415;4.812306;4 Rue Soeur Bouvier, 69005 Lyon, France;;4;Rue Soeur Bouvier;69005;5e Arr.;;Lyon;Rhône;Auvergne-Rhône-Alpes;ARA;France;fr;0.5;1;0.5
83;ENS des Sciences de l'Information et des Bibliothèques - Villeurbanne;MESR;1;17--21 17 BOULEVARD DU 11 NOVEMBRE 1918 69100 VILLEURBANNE;69100;69;Auvergne-Rhône-Alpes;45.77919;4.874678;130 Boulevard Du 11 Novembre 1918, 69100 Villeurbanne, France;;130;Boulevard Du 11 Novembre 1918;69100;Villeurbanne;;Villeurbanne;Rhône;Auvergne-Rhône-Alpes;ARA;France;fr;0.5;1;0.5
84;ENS d'Informatique pour l'Industrie et l'Entreprise - Evry;MESR;1;1 PL DE LA RESISTANCE 91000 EVRY-COURCOURONNES;91000;91;Ile-de-France;48.626744;2.432166;1 Square de la Résistance, 91000 Évry, France;;1;Square de la Résistance;91000;Évry;;Évry;Essonne;Île-De-France;IDF;France;fr;0.2250423;1;0.2250423
85;ENS d'Ingénieurs Caen;MESR;1;6 BOULEVARD MARECHAL JUIN 14000 CAEN;14000;14;Normandie;49.210465;-0.367201;6 bis Boulevard Maréchal Juin, 14000 Caen, France;;6 bis;Boulevard Maréchal Juin;14000;Mont-Coco;;Caen;Calvados;Normandie;NOR;France;fr;0.35720999999999997;1;0.35720999999999997
86;ENS Lyon;MESR;1;15 PARVIS RENE DESCARTES 69007 LYON;69007;69;Auvergne-Rhône-Alpes;45.7330653;4.8340167;15 Parvis René Descartes, 69007 Lyon, France;;15;Parvis René Descartes;69007;7e Arr.;Gerland;Lyon;Métropole de Lyon;Auvergne-Rhône-Alpes;ARA;France;fr;0.25004699999999996;1;0.25004699999999996
87;ENS Paris Saclay;MESR;1;4 AVENUE DES SCIENCES 91190 GIF-SUR-YVETTE;91190;91;Ile-de-France;48.7123878;2.163931849061624;Bâtiment Sud-Ouest de l'École Normale Supérieure Paris-Saclay, 4 Avenue des Sciences, 91190 Gif-sur-Yvette, France;Bâtiment Sud-Ouest de l'École Normale Supérieure Paris-Saclay;4;Avenue des Sciences;91190;;Campus Urbain de Paris-Saclay;Gif-sur-Yvette;Essonne;Île-de-France;IDF;France;fr;0.375;1;0.375
88;ENS Rennes;MESR;1;CAMPUS DE KER LANN AVENUE ROBERT SCHUMANN 35170 BRUZ;35170;35;Bretagne;48.044516;-1.745392;12 Avenue Robert Schumann, 35170 Bruz, France;;12;Avenue Robert Schumann;35170;Bruz;;Bruz;Ille-et-Vilaine;Bretagne;BRE;France;fr;0.33333333333333337;1;0.33333333333333337
89;France Education International;MENJ;1;1 AVENUE LEON JOURNAULT 92310 SEVRES;92310;92;Ile-de-France;48.824328;2.216403;1 Avenue Léon Journault, 92310 Sèvres, France;;1;Avenue Léon Journault;92310;Sèvres;;Sèvres;Hauts-de-Seine;Île-De-France;IDF;France;fr;0.35720999999999997;1;0.35720999999999997
90;Haut Conseil de l'Evaluation de la Recherche et de l'Enseignement Supérieur - Paris;;1;2-8 2 RUE ALBERT EINSTEIN 75013 PARIS;75013;75;Ile-de-France;48.827456;2.381157;23u Rue Albert Einstein, 75013 Paris, France;;23u;Rue Albert Einstein;75013;Paris;Gare;Paris;Paris;Île-De-France;IDF;France;fr;0.375;1;0.375
91;Hautes Ecoles Sorbonne Arts et Métiers Université - Paris;MESR;1;15 RUE SOUFFLOT 75005 PARIS;75005;75;Ile-de-France;48.8469194;2.3421448;15 Rue Soufflot, 75005 Paris, France;;15;Rue Soufflot;75005;Paris;Paris 5e Arrondissement;Paris;;Île-de-France;IDF;France;fr;0.4;1;0.4
92;IEP Aix en Provence;MESR;1;25 RUE GASTON DE SAPORTA 13100 AIX-EN-PROVENCE;13100;13;Provence-Alpes-Côte d'Azur;43.530273;5.44773;2 Rue Gaston De Saporta, 13100 Aix-en-Provence, France;;2;Rue Gaston De Saporta;13100;Aix-en-Provence;;Aix-en-Provence;Bouches-du-Rhône;Provence-Alpes-Côte D'Azur;PAC;France;fr;0.4444444444444444;1;0.4444444444444444
93;IEP Bordeaux;MESR;2;BORDEAUX, CAMPUS UNIVERSITAIRE 11 ALLEE AUSONE 33600 PESSAC;33600;33;Nouvelle Aquitaine;44.798385;-0.615237;11 Allée Ausone, 33600 Pessac, France;;11;Allée Ausone;33600;Pessac;;Pessac;Gironde;Nouvelle-Aquitaine;NAQ;France;fr;0;1;
94;IEP Lyon;MESR;2;14 AVENUE BERTHELOT 69007 LYON;69007;69;Auvergne-Rhône-Alpes;45.7470377;4.8357977;14 Avenue Berthelot, 69007 Lyon, France;;14;Avenue Berthelot;69007;7e Arr.;Lyon 7e Arrondissement;Lyon;Métropole de Lyon;Auvergne-Rhône-Alpes;ARA;France;fr;0.4;1;0.4
95;IEP Rennes;MESR;2;104 BOULEVARD DE LA DUCHESSE ANNE 35000 RENNES;35000;35;Bretagne;48.112669;-1.666294;1 Boulevard De La Duchesse Anne, 35000 Rennes, France;;1;Boulevard De La Duchesse Anne;35000;Rennes;;Rennes;Ille-et-Vilaine;Bretagne;BRE;France;fr;0.625;1;0.625
96;IEP Toulouse;MESR;1;21 ALLEE DE BRIENNE 31000 TOULOUSE;31000;31;Occitanie;43.6053259;1.4313625923507356;Manufacture des tabacs, 21 Allée de Brienne, 31000 Toulouse, France;Manufacture des tabacs;21;Allée de Brienne;31000;Amidonniers - Caffarelli;Toulouse Centre;Toulouse;Haute-Garonne;Occitanie;OCC;France;fr;0.33333333333333337;1;0.33333333333333337
97;Institut d'Administration des Entreprises - Paris;MESR;1;IAE, 8 RUE DE LA CROIX JARRY 75013 PARIS;75013;75;Ile-de-France;48.827297;2.3818;8 Rue De La Croix Jarry, 75013 Paris, France;;8;Rue De La Croix Jarry;75013;Paris;Gare;Paris;Paris;Île-De-France;IDF;France;fr;0.5555555555555556;1;0.5555555555555556
98;Institut de Physique du Globe de Paris;MESR;6;1 RUE JUSSIEU 75005 PARIS;75005;75;Ile-de-France;48.84477575;2.3561337137499914;Institut de Physique du Globe de Paris - Université de Paris, 1 Rue Jussieu, 75005 Paris, France;Institut de Physique du Globe de Paris - Université de Paris;1;Rue Jussieu;75005;Paris;Paris 5e Arrondissement;Paris;;Île-de-France;IDF;France;fr;0.4;1;0.4
99;Institut de Recherche pour le Développement - Marseille;MESR;11;IMMEUBLE LE SEXTANT 44 BOULEVARD DE DUNKERQUE 13002 MARSEILLE;13002;13;Provence-Alpes-Côte d'Azur;43.309632;5.368685;44 Boulevard De Dunkerque, 13002 Marseille, France;;44;Boulevard De Dunkerque;13002;2e Arr.;;Marseille;Bouches-du-Rhône;Provence-Alpes-Côte D'Azur;PAC;France;fr;0.33333333333333337;1;0.33333333333333337
100;Institut National de la Santé et de la Recherche Médicale - Paris;MESR;263;101 RUE DE TOLBIAC 75013 PARIS;75013;75;Ile-de-France;48.8266111;2.3652703;101 Rue de Tolbiac, 75013 Paris, France;;101;Rue de Tolbiac;75013;Paris;Paris 13e Arrondissement;Paris;;Île-de-France;IDF;France;fr;0.5;1;0.5
101;Institut National de Recherche en Informatique et en Automatique - Rocquencourt;MESR;10;INRIA SIEGE, DOM DE VOLUCEAU 78150 LE CHESNAY-ROCQUENCOURT;78150;78;Ile-de-France;48.832268137;2.120661452;78150 IDF, France;;;;78150;;;;;Île-de-France;IDF;France;fr;0;1;
102;Institut National de Recherche pour l'Agriculture, l'alimentation et l'Environnement - Paris;MESR;226;INRAE CENTRE-SIEGE PARIS 07, 147 RUE DE L'UNIVERSITE 75007 PARIS;75007;75;Ile-de-France;48.861065;2.305919;147 Rue De l'Université, 75007 Paris, France;;147;Rue De l'Université;75007;Paris;Gros Caillou;Paris;Paris;Île-De-France;IDF;France;fr;0.035450825752502996;1;0.035450825752502996
103;Institut National d'enseignement supérieur et de Recherche pour l'éducation Inclusive - Suresnes;MESR;1;58 A 60 58 AVENUE DES LANDES 92150 SURESNES;92150;92;Ile-de-France;48.868398;2.213082;58 Avenue Des Landes, 92150 Suresnes, France;;58;Avenue Des Landes;92150;Suresnes;;Suresnes;Hauts-de-Seine;Île-De-France;IDF;France;fr;0.33333333333333337;1;0.33333333333333337
104;Institut National des Langues et Civilisations Orientales - Paris;MESR;6;65 RUE DES GRANDS MOULINS 75013 PARIS;75013;75;Ile-de-France;48.827088;2.3756326;Bibliothèque universitaire des langues et civilisations (BULAC), 65 Rue des Grands Moulins, 75013 Paris, France;Bibliothèque universitaire des langues et civilisations (BULAC);65;Rue des Grands Moulins;75013;Paris;Paris 13e Arrondissement;Paris;;Île-de-France;IDF;France;fr;0.5714285714285714;1;0.5714285714285714
105;Institut National des Sciences Appliquées de Lyon;MESR;2;INSTITUT NATIONAL DES SCIENCES APPLIQUEES DE LYON, 20 AVENUE ALBERT EINSTEIN 69100 VILLEURBANNE;69100;69;Auvergne-Rhône-Alpes;45.7830905;4.8759893530497695;Institut National des Sciences Appliquées de Lyon, 20 Avenue Albert Einstein, 69100 Villeurbanne, France;Institut National des Sciences Appliquées de Lyon;20;Avenue Albert Einstein;69100;;Croix-Luizet;Villeurbanne;Métropole de Lyon;Auvergne-Rhône-Alpes;ARA;France;fr;0.23076923076923073;1;0.23076923076923073
106;Institut National des Sciences Appliquées de Rouen Normandie;MESR;1;AVENUE DE L'UNIVERSITE 76800 SAINT-ETIENNE-DU-ROUVRAY;76800;76;Normandie;49.3854309;1.0704367;Avenue de l'Université, 76800 Saint-Étienne-du-Rouvray, France;Avenue de l'Université;;Avenue de l'Université;76800;;;Saint-Étienne-du-Rouvray;Seine-Maritime;Normandie;NOR;France;fr;0.20253807;1;0.20253807
107;Institut National des Sciences Appliquées de Strasbourg;MESR;1;24 BOULEVARD DE LA VICTOIRE 67000 STRASBOURG;67000;67;Grand Est;48.583613;7.759761;10 Boulevard de la Victoire, 67000 Strasbourg, France;;10;Boulevard de la Victoire;67000;Strasbourg;;Strasbourg;Bas-Rhin;Grand Est;GES;France;fr;0.5714285714285714;1;0.5714285714285714
108;Institut National des Sciences Appliquées de Toulouse;MESR;1;INSA, 135 AVENUE DE RANGUEIL 31400 TOULOUSE;31400;31;Occitanie;43.5695982;1.4684401944506185;Institut national des sciences appliquées de Toulouse, 135 Avenue de Rangueil, 31400 Toulouse, France;Institut national des sciences appliquées de Toulouse;135;Avenue de Rangueil;31400;Rangueil, Sauzelong, Pech David, Pouvourville;Toulouse Sud-Est;Toulouse;Haute-Garonne;Occitanie;OCC;France;fr;0.4285714285714286;1;0.4285714285714286
109;Institut National des Sciences Appliquées du Centre Val de loire - Blois;MESR;3;CAMPUS BOURGES - TECHNOPOLE LAHITOLLE 88 BOULEVARD LAHITOLLE 18000 BOURGES;18000;18;Centre Val-de-Loir;47.082534;2.415385;88 Boulevard Lahitolle, 18000 Bourges, France;;88;Boulevard Lahitolle;18000;Bourges;Bourges;Bourges;Cher;Centre-Val de Loire;CVL;France;fr;0.33333333333333337;1;0.33333333333333337
110;Institut National d'Etudes Démographiques - Aubervilliers;MESR;1;9 COURS DES HUMANITES 93300 AUBERVILLIERS;93300;93;Ile-de-France;48.912754;2.367027;16 Cours Des Humanités, 93300 Aubervilliers, France;;16;Cours Des Humanités;93300;Aubervilliers;;Aubervilliers;Seine-Saint-Denis;Île-De-France;IDF;France;fr;0.35720999999999997;1;0.35720999999999997
111;Institut National du Sport, de l'Expertise et de la Performance - Paris;MSJOP;1;11 AVENUE DU TREMBLAY 75012 PARIS;75012;75;Ile-de-France;48.8321509;2.452534029513446;Institut National du Sport, de l'Expertise et de la Performance, 11 Avenue du Tremblay, 75012 Paris, France;Institut National du Sport, de l'Expertise et de la Performance;11;Avenue du Tremblay;75012;Paris;Paris 12e Arrondissement;Paris;;Île-de-France;IDF;France;fr;0.5;1;0.5
112;Institut National Polytechnique Bordeaux;MESR;7;1 AVENUE DU DR ALBERT SCHWEITZER 33400 TALENCE;33400;33;Nouvelle Aquitaine;44.805697;-0.608126;3 Avenue Du Docteur Albert Schweitzer, 33600 Pessac, France;;3;Avenue Du Docteur Albert Schweitzer;33600;Pessac;;Pessac;Gironde;Nouvelle-Aquitaine;NAQ;France;fr;0.049999999999999996;0.3;0.049999999999999996
113;Institut National Polytechnique Clermont Auvergne - Aubière;MESR;4;CAMPUS DES CEZEAUX 27 RUE ROCHE-GENES 63170 AUBIERE;63170;63;Auvergne-Rhône-Alpes;45.757358;3.111912;27 Rue Roche-Genès, 63170 Aubière, France;;27;Rue Roche-Genès;63170;Aubière;;Aubière;Puy-de-Dôme;Auvergne-Rhône-Alpes;ARA;France;fr;0.12759898409999998;1;0.12759898409999998
114;Institut National Polytechnique Toulouse;MESR;7;6 ALLEE EMILE MONSO 31400 TOULOUSE;31400;31;Occitanie;43.5562141;1.5034224;6 Allée Émile Monso, 31400 Toulouse, France;;6;Allée Émile Monso;31400;Pont des Demoiselles, Montaudran, La Terrasse;Toulouse Sud-Est;Toulouse;Haute-Garonne;Occitanie;OCC;France;fr;0.35720999999999997;1;0.35720999999999997
115;Institut National U Champollion - Albi;MESR;8;JF CHAMPOLLION, PLACE DE VERDUN 81000 ALBI;81000;81;Occitanie;43.920085;2.139219;3 Place De Verdun, 81000 Albi, France;;3;Place De Verdun;81000;Albi;;Albi;Tarn;Occitanie;OCC;France;fr;0.4285714285714286;1;0.4285714285714286
116;Institut Polytechnique Grenoble;MESR;18;INP GRENOBLE, 46 AVENUE FELIX VIALLET 38000 GRENOBLE;38000;38;Auvergne-Rhône-Alpes;45.190684;5.717404;46 Avenue Félix Viallet, 38000 Grenoble, France;;46;Avenue Félix Viallet;38000;Grenoble;;Grenoble;Isère;Auvergne-Rhône-Alpes;ARA;France;fr;0.09924365429999998;1;0.09924365429999998
117;Institut Supérieur de Mécanique de Paris;MESR;2;3 RUE FERNAND HAINAUT 93400 SAINT-OUEN-SUR-SEINE;93400;93;Ile-de-France;48.919429;2.332232;7 Rue Fernand Hainaut, 93400 St.-Ouen, France;;7;Rue Fernand Hainaut;93400;Saint-Ouen;;St.-Ouen;Seine-Saint-Denis;Île-De-France;IDF;France;fr;0.33333333333333337;1;0.33333333333333337
118;ISAE - ENSMA - Poitiers;MESR;1;ECOLE NAT SUP MECANIQUE AEROTECHNIQUE, TELEPORT 2 1 AVENUE CLEMENT ADER 86360 CHASSENEUIL-DU-POITOU;86360;86;Nouvelle Aquitaine;46.6609877;0.36203894864027586;ISAE école nationale supérieure de mécanique et d'aérotechnique, 1 Avenue Clément Ader, 86961 Chasseneuil-du-Poitou, France;ISAE école nationale supérieure de mécanique et d'aérotechnique;1;Avenue Clément Ader;86961;;Technopole du Futuroscope;Chasseneuil-du-Poitou;Vienne;Nouvelle-Aquitaine;NAQ;France;fr;0;0.3;
119;Musée National du Sport - Nice;MSJOP;1;6 ALLEE CAMILLE MUFFAT 06200 NICE;6000;6;Provence-Alpes-Côte d'Azur;47.297241;5.10667;6 Allée Camille Muffat, 21800 Sennecey-lès-Dijon, France;;6;Allée Camille Muffat;21800;Sennecey-lès-Dijon;;Sennecey-lès-Dijon;Côte-d'Or;Bourgogne-Franche-Comté;BFC;France;fr;0;;
120;Museum National d'Histoire Naturelle - Paris;MESR;16;57 RUE CUVIER 75005 PARIS;75005;75;Ile-de-France;48.8443464;2.3562118;57 Rue Cuvier, 75005 Paris, France;;57;Rue Cuvier;75005;Paris;Paris 5e Arrondissement;Paris;;Île-de-France;IDF;France;fr;0.4;1;0.4
121;Observatoire de la Côte d'Azur - Nice;MESR;5;OBSERVATOIRE DE NICE 06000 NICE;6000;6;Provence-Alpes-Côte d'Azur;43.699732;7.269250963855416;Synagogue de Nice, Rue Gustave Deloye, 06000 Nice, France;Synagogue de Nice;;Rue Gustave Deloye;6000;;Quartier Jean-Médecin;Nice;Alpes-Maritimes;Provence-Alpes-Côte d'Azur;PAC;France;fr;0.2;1;0.2
122;Observatoire de Paris;MESR;4;61 AVENUE DE L'OBSERVATOIRE 75014 PARIS;75014;75;Ile-de-France;48.8369995;2.336659;61 Avenue de l'Observatoire, 75014 Paris, France;;61;Avenue de l'Observatoire;75014;Paris;Paris;Paris;;Île-de-France;IDF;France;fr;0.5;1;0.5
123;Office National d'Information Sur les Enseignements et les Professions - Lognes;MENJ;28;12 MAIL BARTHELEMY THIMONNIER 77185 LOGNES;77185;77;Ile-de-France;48.8393935;2.6278448885751935;ONISEP, 12 Mail Barthelemy Thimonnier, 77185 Lognes, France;ONISEP;12;Mail Barthelemy Thimonnier;77185;Le Mandinet;Le Segrais;Lognes;Seine-et-Marne;Île-de-France;IDF;France;fr;0.5;1;0.5
124;U Aix Marseille - Marseille;MESR;71;UNIVERSITE D'AIX MARSEILLE, 58 BOULEVARD CHARLES LIVON 13007 MARSEILLE;13007;13;Provence-Alpes-Côte d'Azur;43.292154;5.359134;58 Boulevard Charles Livon, 13007 Marseille, France;;58;Boulevard Charles Livon;13007;7e Arr.;;Marseille;Bouches-du-Rhône;Provence-Alpes-Côte D'Azur;PAC;France;fr;0.33333333333333337;1;0.33333333333333337
125;U Amiens - Picardie Jules Verne;MESR;47;PRESIDENCE DE L UNIVERSITE, CHEMIN DU THIL 80000 AMIENS;80000;80;Hauts-de-France;49.8772;2.269406;3 Chemin Du Thil, 80000 Amiens, France;;3;Chemin Du Thil;80000;Saveuse;;Amiens;Somme;Hauts-de-France;HDF;France;fr;0.33333333333333337;1;0.33333333333333337
126;U Angers;MESR;22;40 RUE DE RENNES 49100 ANGERS;49100;49;Pays-de-la-Loire;47.47687;-0.549657;40 Rue De Rennes, 49100 Angers, France;;40;Rue De Rennes;49100;Angers;;Angers;Maine-et-Loire;Pays de la Loire;PDL;France;fr;0.5;1;0.5
127;U Artois - Arras;MESR;23;9 RUE DU TEMPLE 62000 ARRAS;62000;62;Hauts-de-France;50.2787358;2.7820174;Rue du Temple, 62000 Arras, France;Rue du Temple;;Rue du Temple;62000;;;Arras;Pas-de-Calais;Hauts-de-France;HDF;France;fr;0.5;1;0.5
128;U Avignon;MESR;18;74 RUE LOUIS PASTEUR 84000 AVIGNON;84000;84;Provence-Alpes-Côte d'Azur;43.9496009;4.8171007;74 Rue Louis Pasteur, 84000 Avignon, France;;74;Rue Louis Pasteur;84000;;Quartier Centre;Avignon;Vaucluse;Provence-Alpes-Côte d'Azur;PAC;France;fr;0.5;1;0.5
129;U Bordeaux - Talence;MESR;39;35 PLACE PEY BERLAND 33000 BORDEAUX;33000;33;Nouvelle Aquitaine;44.8371333;-0.5780207;35 Place Pey Berland, 33000 Bordeaux, France;;35;Place Pey Berland;33000;Bordeaux;Triangle d'Or;Bordeaux;Gironde;Nouvelle-Aquitaine;NAQ;France;fr;0.5;1;0.5
130;U Bordeaux Montaigne - Pessac;MESR;30;SCIENCES HUMAINES, DOM UNIVERSITAIRE 33600 PESSAC;33600;33;Nouvelle Aquitaine;44.788966133;-0.679204573;33600 NAQ, France;;;;33600;;;;Gironde;Nouvelle-Aquitaine;NAQ;France;fr;0;1;
131;U Bourgogne - Dijon;MESR;54;MAISON DE L'UNIVERSITE CAMPUS ESPLANADE ERASME 21000 DIJON;21000;21;Bourgogne-Franche Comté;47.313143;5.063066;6 Esplanade Erasme, 21000 Dijon, France;;6;Esplanade Erasme;21000;Dijon;;Dijon;Côte-d'Or;Bourgogne-Franche-Comté;BFC;France;fr;0.25;1;0.25
132;U Bourgogne Franche Comté - Besançon;MESR;44;UNIVERSITE DE FRANCHE-COMTE, 1 RUE CLAUDE GOUDIMEL 25000 BESANCON;25000;25;Bourgogne-Franche Comté;47.240657;6.023084;5 Rue Claude Goudimel, 25000 Besançon, France;;5;Rue Claude Goudimel;25000;Besançon;;Besançon;Doubs;Bourgogne-Franche-Comté;BFC;France;fr;0.30000000000000004;1;0.30000000000000004
133;U Bretagne Occidentale (Brest);MESR;35;SITE 1 3 RUE MATTHIEU GALLOU 29200 BREST;29200;29;Bretagne;48.397635;-4.510206;Rue Matthieu Gallou, 29200 Brest, France;;;Rue Matthieu Gallou;29200;Brest;;Brest;Finistère;Bretagne;BRE;France;fr;0;;
134;U Bretagne Sud - Vannes;MESR;36;27 RUE ARMAND GUILLEMOT 56100 LORIENT;56100;56;Bretagne;47.7454658;-3.3903164;Rue Armand Guillemot, 56100 Lorient, France;Rue Armand Guillemot;;Rue Armand Guillemot;56100;;Lanveur;Lorient;Morbihan;Bretagne;BRE;France;fr;0.5;1;0.5
135;U Caen Normandie;MESR;35;ESPLANADE DE LA PAIX 14000 CAEN;14000;14;Normandie;49.1887642;-0.3634297;Esplanade de la Paix, 14000 Caen, France;Esplanade de la Paix;;Esplanade de la Paix;14000;Saint-Julien;;Caen;Calvados;Normandie;NOR;France;fr;0.6666666666666667;1;0.6666666666666667
136;U Cergy - CY Cergy Paris Université;MESR;17;33 BOULEVARD DU PORT 95000 CERGY;95000;95;Ile-de-France;49.0392909;2.0751426;33 Boulevard du Port, 95000 Cergy, France;;33;Boulevard du Port;95000;Les Marjoberts;Grand Centre;Cergy;Val-d'Oise;Île-de-France;IDF;France;fr;0.5;1;0.5
137;U Chambéry - Savoie Mont Blanc;MESR;29;27 RUE MARCOZ 73000 CHAMBERY;73000;73;Auvergne-Rhône-Alpes;45.5683692;5.9152635;Rue Marcoz, 73000 Chambéry, France;Rue Marcoz;;Rue Marcoz;73000;La Grenette;;Chambéry;Savoie;Auvergne-Rhône-Alpes;ARA;France;fr;0.4;1;0.4
138;U Clermont Auvergne - Clermont-Ferrand;MESR;35;49 BOULEVARD FRANCOIS MITTERRAND 63000 CLERMONT-FERRAND;63000;63;Auvergne-Rhône-Alpes;45.7707628;3.0878785;49 Boulevard François Mitterrand, 63000 Clermont-Ferrand, France;;49;Boulevard François Mitterrand;63000;Ballainvilliers;Plateau central;Clermont-Ferrand;Puy-de-Dôme;Auvergne-Rhône-Alpes;ARA;France;fr;0.15752961;1;0.15752961
139;U Côte d'Azur - Nice;MESR;2;GRAND CHATEAU 28 AVENUE VALROSE 06100 NICE;6100;6;Provence-Alpes-Côte d'Azur;43.718367;7.26691;83 Avenue Valrose, 06100 Nice, France;;83;Avenue Valrose;6100;Nice;;Nice;Alpes-Maritimes;Provence-Alpes-Côte D'Azur;PAC;France;fr;0.2857142857142857;1;0.2857142857142857
140;U de Corse Pasquale Aoli - Corte;MESR;19;BAT JEAN TOUSSAINT DESANTI AVENUE DU 9 SEPTEMBRE 20250 CORTE;20250;20;Corse;42.286056252;9.130574418;20250 COR, France;;;;20250;;;;;Corse;COR;France;fr;0;1;
141;U de Guyane - Cayenne;MESR;5;CAMPUS DE TROUBIRAN 2091 ROUTE DE BADUEL 97300 CAYENNE;97300;97;Guyane;4.929309;-52.302507;2091 Route De Baduel, 97300 GF, France;;2091;Route De Baduel;97300;;;;;Guyane;GF;France;fr;0.4444444444444444;1;0.4444444444444444
142;U de Haute Alsace - Mulhouse;MESR;32;2 RUE DES FRERES LUMIERE 68200 MULHOUSE;68200;68;Grand Est;47.732352;7.315093;2 Rue Des Frères Lumière, 68200 Mulhouse, France;;2;Rue Des Frères Lumière;68200;Mulhouse;;Mulhouse;Haut-Rhin;Grand Est;GES;France;fr;0.35720999999999997;1;0.35720999999999997
143;U de Lorraine - Nancy;MESR;114;34 COURS LEOPOLD 54000 NANCY;54000;54;Grand Est;48.696154;6.176597;34 Cours Léopold, 54000 Nancy, France;;34;Cours Léopold;54000;Nancy;;Nancy;Meurthe-et-Moselle;Grand Est;GES;France;fr;0.25004699999999996;1;0.25004699999999996
144;U de technologie Belfort Montbéliard;MESR;4;90010BELFORT CEDEX 10 RUE CHATEAU 90400 SEVENANS;90400;90;Bourgogne-Franche Comté;47.586758;6.873319;10 Rue Des Fromenteaux, 90400 Sevenans, France;;10;Rue Des Fromenteaux;90400;Sevenans;;Sevenans;Territoire de Belfort;Bourgogne-Franche-Comté;BFC;France;fr;0.1794871794871795;1;0.1794871794871795
145;U de technologie de Compiègne;MESR;2;UNIVERSITE DE TECHNOLOGIE DE COMPIEGNE, CENTRE PIERRE GUILLAUMAT RUE DU DOCTEUR SCHWEITZER 60200 COMPIEGNE;60200;60;Hauts-de-France;49.400254;2.800101;1 Rue Du Docteur Schweitzer, 60200 Compiègne, France;;1;Rue Du Docteur Schweitzer;60200;Compiègne;Venette;Compiègne;Oise;Hauts-de-France;HDF;France;fr;0.2857142857142857;1;0.2857142857142857
146;U de Technologie de Troyes;MESR;3;12 RUE MARIE CURIE 10000 TROYES;10000;10;Grand Est;48.2726902;4.0770727;Rue Marie Curie, 10000 Troyes, France;Rue Marie Curie;;Rue Marie Curie;10000;;;Troyes;Aube;Grand Est;GES;France;fr;0.5;1;0.5
147;U Evry;MESR;15;23 BD FRANCOIS MITTERRAND 91000 EVRY-COURCOURONNES;91000;91;Ile-de-France;48.624349;2.42733;23 Boulevard François Mitterrand, 91000 Évry, France;;23;Boulevard François Mitterrand;91000;Évry;;Évry;Essonne;Île-De-France;IDF;France;fr;0.15752961;1;0.15752961
148;U Grenoble Alpes;MESR;28;621 AVENUE CENTRALE 38400 SAINT-MARTIN-D'HERES;38400;38;Auvergne-Rhône-Alpes;45.19156085;5.76726385662386;Présidence Université Grenoble Alpes, 621 Avenue Centrale, 38400 Saint-Martin-d'Hères, France;Présidence Université Grenoble Alpes;621;Avenue Centrale;38400;;Domaine universitaire de Grenoble;Saint-Martin-d'Hères;Isère;Auvergne-Rhône-Alpes;ARA;France;fr;0.2857142857142857;1;0.2857142857142857
149;U Gustave Eiffel - Champs-sur-Marne;MESR;26;CAMPUS DE MARNE-LA-VALLEE 5 BOULEVARD DESCARTES 77420 CHAMPS-SUR-MARNE;77420;77;Ile-de-France;48.863525;2.59298;5 Boulevard De La Marne, 77420 Champs-sur-Marne, France;;5;Boulevard De La Marne;77420;Champs-sur-Marne;;Champs-sur-Marne;Seine-et-Marne;Île-De-France;IDF;France;fr;0.41666666666666663;1;0.41666666666666663
150;U La Réunion - St Denis 974;MESR;31;15 AVENUE RENE CASSIN 97490 SAINT-DENIS;97490;97;La Réunion;-20.900527;55.483731;15 Avenue Rene Cassin, 97490 RE, France;;15;Avenue Rene Cassin;97490;;;;;La Réunion;RE;France;fr;0.4285714285714286;1;0.4285714285714286
151;U La Rochelle;MESR;25;UNIVERSITE LA ROCHELLE, 23 AVENUE ALBERT EINSTEIN 17000 LA ROCHELLE;17000;17;Nouvelle Aquitaine;46.148176;-1.154897;23 Avenue Albert Einstein, 17000 La Rochelle, France;;23;Avenue Albert Einstein;17000;La Rochelle;;La Rochelle;Charente-Maritime;Nouvelle-Aquitaine;NAQ;France;fr;0.30000000000000004;1;0.30000000000000004
152;U Le Havre Normandie;MESR;13;25 RUE PHILIPPE LEBON 76600 LE HAVRE;76600;76;Normandie;49.496003;0.128917;25 Rue Philippe Lebon, 76600 Le Havre, France;;25;Rue Philippe Lebon;76600;Le Havre;;Le Havre;Seine-Maritime;Normandie;NOR;France;fr;0.4285714285714286;1;0.4285714285714286
153;U Le Mans;MESR;15;AVENUE OLIVIER MESSIAEN 72000 LE MANS;72000;72;Pays-de-la-Loire;48.0138612;0.1686964;Avenue Olivier Messiaen, 72000 Le Mans, France;Avenue Olivier Messiaen;;Avenue Olivier Messiaen;72000;;;Le Mans;Sarthe;Pays de la Loire;PDL;France;fr;0.5;1;0.5
154;U Lille;MESR;35;42 RUE PAUL DUEZ 59800 LILLE;59800;59;Hauts-de-France;50.631794;3.07526;42 Rue Paul Duez, 59800 Lille, France;;42;Rue Paul Duez;59800;Lille;;Lille;Nord;Hauts-de-France;HDF;France;fr;0.5;1;0.5
155;U Limoges;MESR;31;SERVICES CENTRAUX, HOTEL DE L'UNIVERSITE 33 RUE FRANCOIS MITTERRAND 87000 LIMOGES;87000;87;Nouvelle Aquitaine;45.82638;1.258518;33 Rue François Mitterrand, 87000 Limoges, France;;33;Rue François Mitterrand;87000;Limoges;;Limoges;Haute-Vienne;Nouvelle-Aquitaine;NAQ;France;fr;0.05064403678928999;1;0.05064403678928999
156;U Littoral Côte d'Opale - Dunkerque;MESR;26;UNIVERSITE DU LITTORAL COTE D'OPALE, 1 PLACE DE L'YSER 59140 DUNKERQUE;59140;59;Hauts-de-France;51.039044;2.37214;1 Place De l'Yser, 59140 Dunkerque, France;;1;Place De l'Yser;59140;Dunkerque;;Dunkerque;Nord;Hauts-de-France;HDF;France;fr;0.2727272727272727;1;0.2727272727272727
157;U Lumière Lyon 2;MESR;21;86 RUE PASTEUR 69007 LYON;69007;69;Auvergne-Rhône-Alpes;45.7553565;4.8415422;Rue Pasteur, 69007 Lyon, France;Rue Pasteur;;Rue Pasteur;69007;;La Guillotière;Lyon;Métropole de Lyon;Auvergne-Rhône-Alpes;ARA;France;fr;0.4;1;0.4
158;U Lyon 1 Claude Bernard;MESR;19;43 BOULEVARD DU 11 NOVEMBRE 1918 69100 VILLEURBANNE;69100;69;Auvergne-Rhône-Alpes;45.78166445;4.868154514412188;Université Claude Bernard - Lyon 1 - Campus LyonTech-la Doua, 43 Boulevard du 11 Novembre 1918, 69100 Villeurbanne, France;Université Claude Bernard - Lyon 1 - Campus LyonTech-la Doua;43;Boulevard du 11 Novembre 1918;69100;;Tonkin;Villeurbanne;Métropole de Lyon;Auvergne-Rhône-Alpes;ARA;France;fr;0.625;1;0.625
159;U Lyon 3;MESR;18;1 AVENUE DES FRERES LUMIERE 69008 LYON;69008;69;Auvergne-Rhône-Alpes;45.7471826;4.8597486;1 Avenue des Frères Lumière, 69008 Lyon, France;;1;Avenue des Frères Lumière;69008;;Monplaisir;Lyon;Métropole de Lyon;Auvergne-Rhône-Alpes;ARA;France;fr;0.35720999999999997;1;0.35720999999999997
160;U Montpellier 1;MESR;37;163 RUE AUGUSTE BROUSSONNET 34090 MONTPELLIER;34090;34;Provence-Alpes-Côte d'Azur;43.615821;3.872128;163 Rue Auguste Broussonnet, 34090 Montpellier, France;;163;Rue Auguste Broussonnet;34090;Montpellier;;Montpellier;Hérault;Occitanie;OCC;France;fr;0.5;1;0.5
161;U Nantes;MESR;22;1 QUAI DE TOURVILLE 44300 NANTES;44300;44;Pays-de-la-Loire;47.209413;-1.555908;1 Quai De Tourville, 44300 Nantes, France;;1;Quai De Tourville;44300;Nantes;;Nantes;Loire-Atlantique;Pays de la Loire;PDL;France;fr;0.5;1;0.5
162;U Nîmes;MESR;2;RUE DU DOCTEUR GEORGES SALAN 30000 NIMES;30000;30;Provence-Alpes-Côte d'Azur;43.841803;4.357072;1 Rue Du Docteur Georges Salan, 30000 Nîmes, France;;1;Rue Du Docteur Georges Salan;30000;Nîmes;;Nîmes;Gard;Occitanie;OCC;France;fr;0.7142857142857143;1;0.7142857142857143
163;U Orléans;MESR;41;AV DU CHATEAU DE LA SOURCE 45000 ORLEANS;45000;45;Centre Val-de-Loir;47.916566256;1.912608247;45000 CVL, France;;;;45000;;;;Loiret;Centre-Val de Loire;CVL;France;fr;0;1;
164;U Paris 1 Panthéon-Sorbonne;MESR;35;12 PLACE DU PANTHEON 75005 PARIS;75005;75;Ile-de-France;48.8470111;2.343799248658736;Université Paris I Panthéon-Sorbonne, 12 Place du Panthéon, 75005 Paris, France;Université Paris I Panthéon-Sorbonne;12;Place du Panthéon;75005;Paris;Paris 5e Arrondissement;Paris;;Île-de-France;IDF;France;fr;0.25004699999999996;1;0.25004699999999996
165;U Paris Cité;MESR;13;85 BOULEVARD SAINT-GERMAIN 75006 PARIS;75006;75;Ile-de-France;48.8519064;2.3400882;85 Boulevard Saint-Germain, 75006 Paris, France;;85;Boulevard Saint-Germain;75006;Paris;Paris 6e Arrondissement;Paris;;Île-de-France;IDF;France;fr;0.5;1;0.5
166;U Paris Dauphine PSL;MESR;8;DAUPHINE, PLACE DU MARECHAL DE LATTRE DE TASSIGNY 75016 PARIS;75016;75;Ile-de-France;48.870983;2.274399;9 Place Du Maréchal De Lattre De Tassigny, 75016 Paris, France;;9;Place Du Maréchal De Lattre De Tassigny;75016;Paris;Porte Dauphine;Paris;Paris;Île-De-France;IDF;France;fr;0.25004699999999996;1;0.25004699999999996
167;U Paris Est Créteil Val de Marne - Paris XII;MESR;74;61 AVENUE DU GENERAL DE GAULLE 94000 CRETEIL;94000;94;Ile-de-France;48.788799;2.442388;61 Avenue Du Général De Gaulle, 94000 Créteil, France;;61;Avenue Du Général De Gaulle;94000;Créteil;;Créteil;Val-de-Marne;Île-De-France;IDF;France;fr;0.25004699999999996;1;0.25004699999999996
168;U Paris Nanterre;MESR;36;200 AVENUE DE LA REPUBLIQUE 92000 NANTERRE;92000;92;Ile-de-France;48.903003;2.209615;200 Avenue De La République, 92000 Nanterre, France;;200;Avenue De La République;92000;Nanterre;;Nanterre;Hauts-de-Seine;Île-De-France;IDF;France;fr;0.25004699999999996;1;0.25004699999999996
169;U Paris Saclay;MESR;4;BATIMENT BREGUET 3 RUE JOLIOT-CURIE 91190 GIF-SUR-YVETTE;91190;91;Ile-de-France;48.709796;2.162981;1 Rue Joliot-curie, 91190 Gif-sur-Yvette, France;;1;Rue Joliot-curie;91190;Gif-sur-Yvette;;Gif-sur-Yvette;Essonne;Île-De-France;IDF;France;fr;0.30000000000000004;1;0.30000000000000004
170;U Paris Sciences Lettres - UPSL;MESR;1;60 RUE MAZARINE 75006 PARIS;75006;75;Ile-de-France;48.854654;2.3378386313969113;Université PSL, 60 Rue Mazarine, 75006 Paris, France;Université PSL;60;Rue Mazarine;75006;Paris;Paris 6e Arrondissement;Paris;;Île-de-France;IDF;France;fr;0.4;1;0.4
171;U Paris VIII;MESR;43;UNIVERSITE PARIS VIII.PARIS VINCENN, 2 RUE DE LA LIBERTE 93200 SAINT-DENIS;93200;93;Ile-de-France;48.945306;2.363875;2 Rue De La Liberté, 93200 Saint-Denis, France;;2;Rue De La Liberté;93200;Saint-Denis;;Saint-Denis;Seine-Saint-Denis;Île-De-France;IDF;France;fr;0.04557963311036099;1;0.04557963311036099
172;U Paris-Panthéon-Assas;MESR;3;12 PLACE DU PANTHEON 75005 PARIS;75005;75;Ile-de-France;48.8470111;2.343799248658736;Université Paris I Panthéon-Sorbonne, 12 Place du Panthéon, 75005 Paris, France;Université Paris I Panthéon-Sorbonne;12;Place du Panthéon;75005;Paris;Paris 5e Arrondissement;Paris;;Île-de-France;IDF;France;fr;0.25004699999999996;1;0.25004699999999996
173;U Pau;MESR;35;AVENUE DE L'UNIVERSITE 64000 PAU;64000;64;Occitanie;43.3113395;-0.3646819;Avenue de l'Université, 64000 Pau, France;Avenue de l'Université;;Avenue de l'Université;64000;;Pau Nord;Pau;Pyrénées-Atlantiques;Nouvelle-Aquitaine;NAQ;France;fr;0.3969;1;0.3969
174;U Perpignan Via Domitia;MESR;34;52 AVENUE PAUL ALDUY 66100 PERPIGNAN;66100;66;Occitanie;42.68305;2.901805;52 Avenue Paul Alduy, 66100 Perpignan, France;;52;Avenue Paul Alduy;66100;Perpignan;;Perpignan;Pyrénées-Orientales;Occitanie;OCC;France;fr;0.5;1;0.5
175;U Poitiers;MESR;48;UNIVERSITE DE POITIERS, 15 RUE DE L'HOTEL DIEU 86000 POITIERS;86000;86;Nouvelle Aquitaine;46.58569;0.345783;15 Rue De l'Hotel Dieu, 86000 Poitiers, France;;15;Rue De l'Hotel Dieu;86000;Poitiers;;Poitiers;Vienne;Nouvelle-Aquitaine;NAQ;France;fr;0.5;1;0.5
176;U Polynésie Française - Punaauia;MESR;3;CAMPUS D OUTUMAORO 98703 PUNAAUIA;98703;98;Polynésie;-17.6246833;-149.6129254;98703 Punaʻauiʻa, France;;;;98703;;;Punaʻauiʻa;Îles du Vent;Polynésie française;;France;fr;0;1;
177;U polytechnique Hauts de France - Valenciennes;MESR;3;UNIV VALENCIEN MONT HOUY 59300 AULNOY-LEZ-VALENCIENNES;59300;59;Hauts-de-France;50.327349;3.509999;Université de Valenciennes et du Hainaut Cambrésis (UVHC) Campus du Mont-Houy, 59300 Trith-Saint-Léger, France;;;Université de Valenciennes et du Hainaut Cambrésis (UVHC) Campus du Mont-Houy;59300;Trith-Saint-Léger;;Trith-Saint-Léger;Nord;Hauts-de-France;HDF;France;fr;0;;
178;U Reims Champagne Ardennes;MESR;39;2 AVENUE ROBERT SCHUMAN 51100 REIMS;51100;51;Grand Est;49.231938;4.013766;2a Avenue Robert Schuman, 51100 Reims, France;;2a;Avenue Robert Schuman;51100;Reims;;Reims;Marne;Grand Est;GES;France;fr;0.5;1;0.5
179;U Rennes;MESR;1;CAMPUS DE BEAULIEU 263 AVENUE GENERAL LECLERC 35700 RENNES;35700;35;Bretagne;48.11553;-1.633965;263 avenue du Général Leclerc, 35700 Rennes, France;;263;avenue du Général Leclerc;35700;Rennes;;Rennes;Ille-et-Vilaine;Bretagne;BRE;France;fr;0.14177664899999998;1;0.14177664899999998
180;U Rennes 2;MESR;18;PLACE RECTEUR HENRI LE MOAL 35000 RENNES;35000;35;Bretagne;48.120899;-1.704046;1 Place Recteur Henri Le Moal, 35000 Rennes, France;;1;Place Recteur Henri Le Moal;35000;Rennes;;Rennes;Ille-et-Vilaine;Bretagne;BRE;France;fr;0.7142857142857143;1;0.7142857142857143
181;U Sorbonne Nouvelle - Paris III;MESR;26;17 RUE DE LA SORBONNE 75005 PARIS;75005;75;Ile-de-France;48.84863575;2.3436033602014232;Université Paris 1 Panthéon-Sorbonne - Centre Sorbonne, 17 Rue de la Sorbonne, 75005 Paris, France;Université Paris 1 Panthéon-Sorbonne - Centre Sorbonne;17;Rue de la Sorbonne;75005;Paris;Paris 5e Arrondissement;Paris;;Île-de-France;IDF;France;fr;0.5714285714285714;1;0.5714285714285714
182;U Sorbonne Paris Nord - Paris XIII - Villetaneuse ;MESR;19;UNIVERSITE PARIS XIII.PARIS-NORD, 99 AVENUE JEAN-BAPTISTE CLEMENT 93430 VILLETANEUSE;93430;93;Ile-de-France;48.959867;2.344926;99 Avenue Jean-baptiste Clément, 93430 Villetaneuse, France;;99;Avenue Jean-baptiste Clément;93430;Villetaneuse;;Villetaneuse;Seine-Saint-Denis;Île-De-France;IDF;France;fr;0.024815578026752095;1;0.024815578026752095
183;U Sorbonne Université - Paris;MESR;40;21 RUE DE L'ECOLE DE MEDECINE 75006 PARIS;75006;75;Ile-de-France;48.8511944;2.3403301;Siège de Sorbonne Université, 21 Rue de l'École de Médecine, 75006 Paris, France;Siège de Sorbonne Université;21;Rue de l'École de Médecine;75006;Paris;Quartier de l'Odéon;Paris;;Île-de-France;IDF;France;fr;0.25004699999999996;1;0.25004699999999996
184;U St Etienne - Jean Monnet;MESR;29;MAISON DE L'UNIVERSITE 10 RUE TREFILERIE 42100 SAINT-ETIENNE;42100;42;Auvergne-Rhône-Alpes;45.424693000000005;4.392651847030448;Maison de l'Université, 10 Rue Tréfilerie, 42100 Saint-Étienne, France;Maison de l'Université;10;Rue Tréfilerie;42100;Bizillon;;Saint-Étienne;Loire;Auvergne-Rhône-Alpes;ARA;France;fr;0.08038735998299999;1;0.08038735998299999
185;U Strasbourg;MESR;67;4 RUE BLAISE PASCAL 67000 STRASBOURG;67000;67;Grand Est;48.580714;7.766568;4 Rue Blaise Pascal, 67000 Strasbourg, France;;4;Rue Blaise Pascal;67000;Strasbourg;;Strasbourg;Bas-Rhin;Grand Est;GES;France;fr;0.5;1;0.5
186;U Toulon;MESR;22;AV DE L UNIVERSITE 83130 LA GARDE;83130;83;Provence-Alpes-Côte d'Azur;43.130785056;6.023064187;83130 France métropolitaine, France;;;;83130;;;;;France métropolitaine;;France;fr;0;1;
187;U Toulouse Capitole - Toulouse I;MESR;1;2 RUE DU DOYEN GABRIEL MARTY 31000 TOULOUSE;31100;31;Occitanie;43.574774;1.399135;2 Rue Du Doyen Jules Marsan, 31100 Toulouse, France;;2;Rue Du Doyen Jules Marsan;31100;Toulouse;;Toulouse;Haute-Garonne;Occitanie;OCC;France;fr;0.16;1;0.16
188;U Toulouse Jean Jaurès - Toulouse II;MESR;35;5 ALLEE ANTONIO MACHADO 31100 TOULOUSE;31100;31;Occitanie;43.5777066;1.4041264;Entrée véhicules Université Toulouse Jean-Jaurès, 5 Allée Antonio Machado, 31100 Toulouse, France;Entrée véhicules Université Toulouse Jean-Jaurès;5;Allée Antonio Machado;31100;Mirail - Reynerie - Bellefontaine;Toulouse Ouest;Toulouse;Haute-Garonne;Occitanie;OCC;France;fr;0.35720999999999997;1;0.35720999999999997
189;U Toulouse Midi Pyrénées / UNIVERSITE DE TOULOUSE (COMUE);MESR;1;41 ALLEES JULES GUESDE 31000 TOULOUSE;31000;31;Occitanie;43.59334975;1.4495300359978467;Muséum d'Histoire Naturelle, 35 Allées Jules Guesde, 31000 Toulouse, France;Muséum d'Histoire Naturelle;35;Allées Jules Guesde;31000;Saint-Michel, Le Busca, Empalot, Saint-Agne;Toulouse Sud-Est;Toulouse;Haute-Garonne;Occitanie;OCC;France;fr;0.25004699999999996;1;0.25004699999999996
190;U Toulouse P Sabatier - Toulouse III;MESR;53;118 ROUTE DE NARBONNE 31400 TOULOUSE;31400;31;Occitanie;43.5615654;1.4630301;118 Route de Narbonne, 31400 Toulouse, France;;118;Route de Narbonne;31400;Rangueil, Sauzelong, Pech David, Pouvourville;Toulouse Sud-Est;Toulouse;Haute-Garonne;Occitanie;OCC;France;fr;0.5;1;0.5
191;U Tours;MESR;27;60 RUE DU PLAT D'ETAIN 37000 TOURS;37000;37;Centre Val-de-Loir;47.384375;0.676292;2 Rue Du Plat d'Étain, 37000 Tours, France;;2;Rue Du Plat d'Étain;37000;Tours;;Tours;Indre-et-Loire;Centre-Val de Loire;CVL;France;fr;0.25004699999999996;1;0.25004699999999996
192;U Versailles Saint-Quentin;MESR;22;55 AVENUE DE PARIS 78000 VERSAILLES;78000;78;Ile-de-France;48.7995562;2.1415453;55 Avenue de Paris, 78000 Versailles, France;;55;Avenue de Paris;78000;;Montreuil;Versailles;Yvelines;Île-de-France;IDF;France;fr;0.5;1;0.5
193;Universcience;;3;AVENUE FRANKLIN D. ROOSEVELT 75008 PARIS;75008;75;Ile-de-France;48.873065;2.309825;75 Avenue Franklin D. Roosevelt, 75008 Paris, France;;75;Avenue Franklin D. Roosevelt;75008;Paris;Faubourg du Roule;Paris;Paris;Île-De-France;IDF;France;fr;0.6666666666666667;1;0.6666666666666667
